"","ID","RegionName","NVotes","Leave","Residents","Households","AdultMeanAge","White","Owned","OwnedOutright","SocialRent","PrivateRent","Students","Unemp","UnempRate_EA","HigherOccup","Density","Deprived","MultiDepriv","Proportion","Vote","Age_18to44","Age_45_above","non_white","high_education_level","low_education_level"
"1",1,"WM",9656,2793,30258,15726,34.2,49.4,21.5,7.4,29.2,46.3,23.2,7,9.9,47.9,54.5,67.9,24.6,0.289250207125104,"Remain",69.8,17.7,56.6,45.8,12.8
"2",2,"L",6022,905,14489,5647,42.2,39.1,19.4,7.1,46.9,28.9,9.1,10.1,16.3,19,78.9,81.2,46.8,0.150282298239787,"Remain",42.7,27.3,55.1,20.2,29.2
"6",6,"EE",2550,1138,5069,2148,48.6,93.1,81.5,31.8,4.8,12,3,2.2,2.8,41.3,2.1,44.1,12.9,0.446274509803922,"Remain",34.8,46,7.5,34.9,13.7
"8",8,"WM",15148,7519,24125,10198,52.4,89.3,84.8,35.8,5.8,8.4,3,3,4.2,49.9,17.2,47.9,16.7,0.496369157644574,"Remain",29,49.6,15.4,37.8,16.9
"11",11,"EE",5279,2587,9547,3779,45.6,79.7,67.7,20,16.8,13.7,4.8,3.3,4.4,41.8,19.1,50.8,18.6,0.490054934646713,"Remain",39.1,36.4,20.6,32,16.7
"12",12,"NW",3150,1499,6780,2442,45,43.5,68.9,38.3,15.5,13.8,5.7,5.5,9.4,17.8,21.9,71.4,37.2,0.475873015873016,"Remain",38.1,31.9,106.2,15.2,34.2
"13",13,"L",3961,1648,11184,3487,44.4,26.6,60.9,25.9,12.1,24.8,8.4,4.9,7,26.4,89.5,69.6,32.4,0.416056551375915,"Remain",42.6,36.3,118.3,27.6,23.4
"16",16,"L",6471,1288,16854,7158,39.6,37.9,15.7,4.3,58.9,22.9,9.6,8.7,11.9,36.1,143,70.9,34.2,0.199041879153145,"Remain",50.6,25.3,57.5,36.8,17.6
"18",18,"L",7401,3375,16638,7870,43,51.3,38.9,15.4,14.7,43.1,5.3,5.5,7.3,48.7,45.3,59,22.8,0.456019456830158,"Remain",50.5,30.2,62.6,45.9,12.3
"24",24,"L",3916,1565,12321,4618,44.6,47.4,52.7,19.2,11.7,31.4,7.5,4.2,6,45.3,35.3,54.1,21.4,0.399642492339122,"Remain",41.8,33.1,69.8,41.8,13.3
"27",27,"SE",6596,2830,16729,6397,35.9,83.8,43.3,16.2,4.3,51.2,36.9,3.3,5.3,40,166.6,49.5,19.5,0.429047907822923,"Remain",62.2,24.3,17.2,26,11.6
"31",31,"L",6212,1496,11601,5546,40.8,74.7,27.3,12.2,41.8,29.3,6.2,5.3,7,57,137,59,25.7,0.240824211204121,"Remain",55.9,29,22.2,54.4,15.5
"38",38,"NW",2084,948,2230,1081,51,96.8,63.7,29.8,15.5,19.4,2.5,2.5,3.4,40.2,27.3,53.1,22.7,0.45489443378119,"Remain",32,50.3,3.8,36.2,18.7
"40",40,"NW",6172,2888,11264,5304,48.1,87.3,61.3,22,18.7,18.3,4,4.3,6.1,36.9,43.4,58.8,29.4,0.467919637070642,"Remain",37.7,44,11.9,30.7,24.8
"41",41,"L",6177,3041,13561,5567,46.6,76,49.3,18.2,37,12.5,5.2,5.8,8.6,33.5,42.3,63.3,30.4,0.492310182936701,"Remain",38.1,37.4,23,29.6,25.5
"42",42,"L",6106,2766,18024,6928,42.3,39.4,30.6,8.6,41.1,24.2,8.6,8.8,14.4,19.8,59.1,79.8,44.2,0.452997052079921,"Remain",41.6,27.3,55.5,19.5,30.5
"45",45,"EE",4344,905,8665,3745,44.4,88.1,58.1,27.5,9.7,30.6,11.9,3.2,4.3,61.1,58.3,46.7,14.9,0.208333333333333,"Remain",46.7,36.9,12,63.2,8.1
"54",54,"NW",3962,1900,14012,4376,41.8,34,56.2,27.6,26.3,14.3,7,7.8,14.1,12,52.7,79,44.7,0.479555779909137,"Remain",40.6,24.7,114.7,11.1,41.2
"60",60,"L",7411,1653,14418,6277,40.1,57.1,20.8,7.4,44.9,32.3,10,6.6,9.4,41.6,161.4,71,36.7,0.223046822291189,"Remain",53.9,25.8,37.5,41.8,20.6
"62",62,"L",6578,1083,11680,5277,43.4,81.1,51.9,23.8,10,36.2,6,3.1,3.9,65.6,47.9,46.9,13.9,0.164639708117969,"Remain",50.9,32.2,16.9,65.7,6.4
"66",66,"NW",8159,3727,14291,6619,49.7,96.6,76.4,30.9,4.4,18,3.2,4,5.8,38.1,45.7,53.5,22.3,0.456796176001961,"Remain",34.5,47.2,3.9,30.3,19.4
"68",68,"L",5182,1254,9314,4034,42,81.9,60.9,22.6,3.8,34.2,3.9,2.5,3,64.7,83,36.9,11.4,0.241991509069857,"Remain",54.2,28,20.1,60.7,7.8
"69",69,"L",4716,1398,13428,5224,41.8,52.2,32,13.8,35,30.2,9.7,7,10.3,28.2,98.5,73.5,38.6,0.296437659033079,"Remain",48.8,29,43.9,30.6,23.9
"74",74,"Y",8280,3370,15547,6995,47.8,84,69,26.7,8.6,20.6,3.4,4.1,5.6,42.1,25.6,54.7,22.6,0.407004830917874,"Remain",38.9,41.4,24,36.9,19
"75",75,"L",5693,1378,12665,5930,42.7,73.6,34.5,18.6,32.5,31.1,9.4,4.4,6.2,56.3,111.4,61.8,25.4,0.24205164236782,"Remain",49.9,33,24.3,53.9,11.7
"77",77,"L",6679,3162,14409,5015,44.3,51,60.8,20.7,8.3,29.2,6.1,4.9,6.7,30.1,43.7,63.7,27.8,0.473424165294206,"Remain",43.5,33.5,57.1,30.2,17.8
"84",84,"SE",3496,1445,4207,1664,53,97.6,86.4,37.2,4.6,8.1,2,1.5,2.1,45.3,3.4,43,11.7,0.413329519450801,"Remain",27.2,53.1,2.3,37.8,17.7
"85",85,"EE",4196,816,7900,1718,34.3,80.4,56.7,37.1,7.8,32.4,59.6,0.9,2.7,73,18.2,40.4,7.8,0.194470924690181,"Remain",67.7,21.6,20.7,55.3,1.7
"86",86,"EE",2593,1087,4701,1885,52,97.3,75.1,32,12.7,8.8,2.2,2.1,2.9,47.8,0.5,43.7,14.1,0.419205553413035,"Remain",26.6,51.7,2.7,39.5,16.6
"91",91,"L",5721,1591,11871,5579,41.1,74.4,31.8,12.8,41.9,23.9,7.8,5.2,7.1,55.9,150.4,58.5,27.6,0.278098234574375,"Remain",54.1,29.3,22.6,53,17.3
"92",92,"EE",1475,592,2176,866,51.9,97.6,80.1,35.4,12.6,5.9,2.3,1.8,2.6,51.5,1.5,41.1,11.8,0.40135593220339,"Remain",25.4,51.9,2.9,43.2,14.9
"94",94,"L",4487,2169,11219,3414,46.1,27.4,76.1,31.1,3.3,18.3,8.2,4.3,6,35,65.2,59.1,21.7,0.483396478716291,"Remain",39,40.4,121,34.1,17.9
"95",95,"L",5873,2906,13495,3630,42.7,6.3,56.3,25.5,13.3,27.1,11.8,6.1,9.6,17.4,85.3,81.4,46.1,0.494806742720926,"Remain",45.1,30.9,151.3,21.9,23.8
"101",101,"NW",8548,4021,15834,6673,50.9,97.6,78.5,30.7,10.9,9.5,3.3,3.7,5.3,37.2,16.8,55.2,24.1,0.470402433317735,"Remain",30.8,47.4,2.5,27.7,20.6
"102",102,"EE",4796,1909,7546,3060,51.4,86.8,69,32.6,20.1,9.6,3.9,3.2,4.6,48.2,16.8,48.5,16.6,0.398040033361134,"Remain",29.4,48.5,16.8,40.2,15.8
"103",103,"L",7910,3944,14355,5609,49,69.1,71.3,27.3,20.6,6.9,4.6,4.6,6.5,37.1,52.6,56.8,21.5,0.498609355246523,"Remain",32,44.3,34,27.1,19.1
"105",105,"L",5506,1668,11538,5307,39.1,70.7,28.1,11.3,43.7,26.1,19.3,4.3,6.4,54.8,126.6,60.4,26.5,0.302942244823829,"Remain",58.6,27.7,28.1,47.9,15.1
"106",106,"EE",5061,1149,9290,3873,38.7,84.4,44,16.2,13.4,41.1,18.3,2.2,2.9,56.6,64.1,45.6,17.4,0.227030231179609,"Remain",61.1,24.9,15.7,55,10.7
"107",107,"EE",2728,1155,8588,2813,42.2,40.2,55.2,20.7,15.5,26.7,7.3,7.1,10.9,20.5,48,67.7,32.6,0.423387096774194,"Remain",43.5,26.4,87.1,19.5,28.7
"111",111,"NW",7651,3582,13008,5653,49.9,91.6,80.1,29.2,8.5,10.3,3.3,3.3,4.6,40.5,39.3,53.6,21.5,0.468174094889557,"Remain",33.2,46.3,10.2,30.8,18.9
"112",112,"L",5012,1512,16034,5578,40.7,58.8,28.4,10.8,28.3,40.2,9,6.3,9.2,28.4,127.3,72.4,36.5,0.301675977653631,"Remain",46.2,24.5,34.5,29,24.4
"113",113,"L",7696,2378,14109,6235,40,69.4,36.7,10.7,30.3,31,10,4.5,5.9,52.6,42.3,56.4,23.8,0.308991683991684,"Remain",56.4,25.3,32,49.5,15
"118",118,"L",8747,4032,12472,4995,41.2,41.5,41.9,16.1,11,44.6,9,4.8,6.5,45.2,73.2,59.5,22.9,0.460958042757517,"Remain",53.7,27.7,83.6,46,11.7
"119",119,"EE",3079,1232,6437,2593,51.5,95.7,76.4,31.7,15.3,6.9,2.7,2.9,4,51,2.6,44.6,13.7,0.400129912309191,"Remain",28.6,47.1,4.2,43.7,13
"121",121,"EE",4979,2370,11109,5221,45.3,85.4,43.7,15.8,3.3,51.3,6.1,7,9.6,33.3,69.4,64.4,30,0.475999196625828,"Remain",47,36.8,15.2,26.2,22
"122",122,"EM",5782,1829,21503,7699,31.1,60.4,22.7,9.6,19.9,55.9,51,4.2,8.8,37.1,91.2,60.1,24.2,0.316326530612245,"Remain",73.3,16.2,49.3,28,11
"123",123,"L",6695,2449,13844,5175,46.5,66.8,65.8,27.9,10.7,22.4,7.2,4.3,6.1,44.4,54.3,54.9,22.4,0.365795369678865,"Remain",39.6,39.9,36.4,40,16.3
"124",124,"L",10662,4997,15958,6409,50.1,84,81.6,29.9,7.5,9.7,3.3,3.1,4.3,46.3,31.5,47.7,17.4,0.468673794785219,"Remain",31.4,45.8,16.3,33.8,17.1
"127",127,"L",7446,1761,16596,7119,38.9,66.7,32.1,9.8,37.3,27.7,14.5,4.9,6.7,54.7,67.1,54.3,21.8,0.236502820306205,"Remain",57.3,23.5,32.4,49.9,12.8
"130",130,"EE",3596,1634,7816,3266,46.3,86.7,72.8,27.1,7.2,18.9,6.5,3.6,4.7,41.8,20.6,45,15.2,0.454393770856507,"Remain",38.6,38.7,15.6,34.3,15.1
"131",131,"NW",1616,682,3988,1782,51.5,97.8,53.7,34.1,23.2,19.8,3.7,1.9,2.5,32.2,0.4,53.8,16.1,0.422029702970297,"Remain",33.4,52.9,2.4,34.4,15.6
"141",141,"L",4240,1853,11170,3683,46.5,34.5,72.1,26.5,2.3,24.5,7,3.8,5.4,41.6,74.9,55.9,20.6,0.437028301886792,"Remain",38,38.6,93.3,37.9,13.7
"142",142,"EE",2985,1302,7239,2872,46.9,85.5,68.1,30.8,6.5,23.3,15.4,3.4,5.1,43.1,36.5,52.9,18.7,0.436180904522613,"Remain",39.4,42.3,17.1,33,15.4
"144",144,"L",4458,1938,10316,4046,40.8,53.2,45.8,11.6,21.9,30.8,7,5.5,7.3,32,89.7,63.1,25.5,0.434724091520861,"Remain",50.3,27.2,51,32.6,18.1
"146",146,"L",5903,1423,13530,5964,43.6,79.2,57.5,22.1,9.2,31.8,5.8,3.4,4.4,61.7,96.8,44.4,16.6,0.241063865830933,"Remain",47.7,33.6,20.6,57.8,9
"147",147,"L",5851,1548,11591,5128,45.4,80.9,59.3,22.9,15.2,24.4,4.4,3,3.9,60.2,61.8,42.7,16.1,0.264570158947188,"Remain",42.3,37,19,56,9.2
"151",151,"EE",1820,749,2707,1116,52.7,97.4,75.1,32.9,10.3,12.9,1.4,2.3,3.2,50.9,0.7,43.3,13.5,0.411538461538462,"Remain",24.8,52.7,2.2,43.8,15
"153",153,"WM",6918,3440,10722,4494,54.4,95.2,86,40.5,4.4,8.6,2.3,1.9,2.8,55.6,6.6,42.1,13.2,0.497253541485979,"Remain",24.6,55.4,6,44.5,13.9
"154",154,"L",5516,2504,15729,5704,42.1,45.4,45.8,15,24.4,26.7,10.6,7.2,11.3,21.3,45.5,74.6,37.6,0.453952139231327,"Remain",42.6,28.8,49.3,21,26.9
"163",163,"L",4863,1485,13077,6139,40.4,60.2,21.8,9.4,45.3,30.4,17,4.8,7.3,50.1,111.6,67,28.3,0.305367057371993,"Remain",55.6,30.2,38.2,46.2,12.9
"168",168,"NW",8213,3201,13457,5832,56.1,97.4,90.6,44.8,1.4,7.3,2.7,2.3,3.5,56.5,11.5,43.1,12.3,0.389747960550347,"Remain",22.5,58.9,3.1,47.4,12.5
"169",169,"L",9011,4089,13610,5814,42.9,65.8,41.5,12.8,29.3,24.7,5.6,4.4,5.9,43,51.3,58.1,24.5,0.453778714904006,"Remain",47.5,31.1,38.1,38.9,16.4
"172",172,"WM",8849,2850,32420,9783,38.8,13.3,44.7,21.1,35.8,15.7,19.4,10.2,19,13.4,69.6,81.3,45.8,0.322070290428297,"Remain",46.7,21.4,116.4,15.3,33.2
"176",176,"SE",3673,1568,6363,2827,50.4,96.4,67.8,28.6,17.1,13.1,2.3,2.1,2.8,36.3,6.8,49,17.2,0.426898992649061,"Remain",33.4,46.2,3.6,30.9,20.9
"177",177,"L",5418,1812,14665,5242,39.3,46.8,41.6,14.8,8,49.4,10.6,5.7,7.6,32.2,167.6,64,28,0.334440753045404,"Remain",55.5,23.6,62.9,34.8,15.7
"183",183,"L",5384,1689,10757,4447,39.7,59.9,46.4,14.6,12.9,39.2,9.2,3.8,4.9,44.4,99.3,56.9,20.6,0.313707280832095,"Remain",58.7,25.5,47.4,43.1,13.3
"185",185,"L",6259,1388,12971,5854,40.1,65.5,26.3,7.5,48.1,23.7,8.2,5.6,7.7,49.8,161.1,61.7,30.5,0.221760664642914,"Remain",54.2,25.9,29.3,48.8,17.4
"188",188,"L",6395,2706,10416,3698,45.7,44.2,65.6,23.3,9.4,23.2,6.7,4.4,6.1,43,70.2,54.9,22.4,0.423143080531665,"Remain",40.4,36.5,77.6,40.7,13.4
"189",189,"L",9024,2594,13573,5278,43.8,76.8,66.3,25.2,5.2,27.5,7.6,3.3,4.3,56.4,90.7,44.4,15.4,0.287455673758865,"Remain",46.9,32.9,25.5,54.8,8.7
"191",191,"L",4765,1996,10066,3661,44.5,41.8,65.8,18.8,10.2,21.9,7.6,5.7,7.9,29.9,69.7,62.3,26.4,0.418887722980063,"Remain",40.8,34.3,68.5,27.5,19.1
"198",198,"L",6432,1418,12452,5445,41.3,71.9,34.8,12.4,36.5,26.7,8.8,5.3,7.4,49.2,151,60.7,29,0.220460199004975,"Remain",51.9,29.9,24.9,48.3,16.5
"200",200,"L",7512,3111,14445,5763,43.5,63.8,41.3,12.4,40.8,16.7,8.1,5.8,8.2,38.8,72.8,60.5,29,0.414137380191693,"Remain",44.9,31,37.5,37.2,20.8
"201",201,"L",7036,1289,15908,6816,38.8,58.5,30.9,8.8,31.8,34.7,7.1,5.7,7.2,48.2,144.5,59.3,24.9,0.183200682205799,"Remain",59.1,23.6,38.3,49.6,13.8
"202",202,"L",5321,2460,15403,5338,43.9,45.4,59.9,21.8,7.8,30.3,6.1,4.8,6.6,29.8,47,65.4,28.1,0.462319112948694,"Remain",44.1,33.5,62.9,30.8,17.4
"205",205,"L",6122,1175,14543,5490,41.4,44.1,33.1,11.6,26.8,36.9,9.9,7.1,10.5,25.5,160.1,72.6,37.6,0.191930741587716,"Remain",47.4,27.4,51.4,27.6,22.5
"208",208,"WM",8870,3821,30443,10343,41.1,20.6,44.8,21.3,27.4,24.5,10.3,10.2,17.1,16,64.6,75.7,40.9,0.430777903043968,"Remain",45.4,25.2,109,17.4,32.1
"209",209,"EE",3095,1461,5842,2521,46.9,84,54.5,20.1,32.5,11.9,3,4.8,6.4,37.7,20.8,54.2,23.3,0.47205169628433,"Remain",38.5,39,21.8,30,19.3
"210",210,"L",5044,1503,12088,5782,42.8,59.9,21.7,8.6,43.5,32.6,7.7,6.1,8.7,45.4,180.8,71.3,36.5,0.297977795400476,"Remain",50.2,30.9,33.9,43.8,17.4
"214",214,"L",5790,1328,11001,4808,47.4,79.8,49.6,26.5,31.9,16.2,5.6,4.4,6.2,57.6,34.8,53.3,23,0.229360967184801,"Remain",38.6,41.5,17.2,55.8,12.6
"217",217,"L",7634,2589,16587,7756,43.9,47.7,48.8,13.9,21.1,28,6.5,7.3,9.9,38.4,71.5,61.9,27.6,0.339140686402934,"Remain",43.2,33.3,53.2,35,15.9
"219",219,"L",6823,2888,11768,4490,50.5,80.3,89.7,35.3,2.2,7.1,3.5,2.7,3.8,43.4,18.8,46.7,12.9,0.423274219551517,"Remain",29.8,51,24.4,32,15.2
"220",220,"SE",6633,3176,13648,6086,45.6,87.7,53.5,21.9,5.5,39.5,9.9,3.8,5.4,42.8,61.8,50.2,18.8,0.478818031056837,"Remain",41.9,38.7,12.2,35.3,16.8
"222",222,"L",5317,1296,13327,5494,38.9,65.5,37.8,14.8,14.2,46,10.2,5.4,7.2,43.2,87.5,65,29.3,0.243746473575324,"Remain",59.9,23.9,31.3,46.6,14
"224",224,"EM",3330,1383,9993,2181,30.5,67.4,41.5,18.2,26.1,29.7,63.9,2.4,7.4,32.3,35.6,62.2,29.2,0.415315315315315,"Remain",73.3,17.1,39.3,21.9,11.2
"225",225,"L",7561,3691,14788,4935,40.9,27.4,46.7,15.5,17.1,33.3,10.3,5.2,7.3,29.1,54.5,71.3,32.7,0.488162941409866,"Remain",48.4,26.3,111,34.6,15.7
"226",226,"WM",6937,3352,11837,5002,52,82.8,76.9,34.9,8.8,12,2.9,3.4,4.8,48.9,26.4,50.6,19.7,0.4832059968286,"Remain",31.6,48.4,26.3,38.4,18.9
"228",228,"L",7668,3168,14668,5720,47.5,68.4,73.3,25.7,6.8,17.5,4.5,3.5,4.8,49.2,36,47.5,15.1,0.413145539906103,"Remain",37.2,41,37.3,40.5,12.9
"229",229,"WM",7460,3380,11186,4405,52.2,95.2,89.1,36.7,3.1,7.2,2.9,2.1,2.9,56.4,7.9,39.8,12,0.453083109919571,"Remain",26,49.8,6.5,44.8,12.3
"234",234,"EE",4236,1122,6914,2736,46,87.7,74.3,29.1,6.4,17.7,3.6,2.3,3,63.8,44.4,35.6,10.6,0.264872521246459,"Remain",38.1,37.3,13.5,62.5,7
"235",235,"NW",4570,2238,13256,4296,42,27,50.7,16,35,11.9,7,9.4,17.6,11.6,59.8,82.5,50.9,0.489715536105033,"Remain",40.9,23.8,77,10,42.7
"240",240,"SE",7063,2847,17545,5917,37.4,86.2,32.4,12,36.2,29.5,32.5,3.8,6.5,24,30.9,66.9,33.3,0.403086507149936,"Remain",54.5,26,13.2,17.4,21.9
"241",241,"L",5934,2936,12490,4033,43.3,23.8,49.2,17.9,28.1,20.4,8.5,6,9.2,23.3,33.5,75.5,37.4,0.494775867880013,"Remain",42.4,31.7,114.5,24.4,21.8
"245",245,"EE",5315,1397,9425,3804,42.5,79.3,47.7,19.1,21.1,29.6,16.3,2.4,3.4,49.2,50,54.9,19.8,0.262841015992474,"Remain",49.4,32.3,21.2,43.9,15
"247",247,"NW",7826,3614,12454,5330,50.9,94.5,84.6,31.8,3.3,10.7,3.4,2.8,3.9,41.3,30.3,49.2,17.8,0.461794019933555,"Remain",30.9,48.3,6.2,32.3,17.1
"251",251,"L",5939,2800,12370,4021,42.8,22.6,56.9,20.7,14.1,27.2,8.8,5,7.2,30.4,63.3,67,29,0.471459841724196,"Remain",45.5,31.6,117.5,33.4,16.1
"253",253,"EM",7804,2905,14802,6120,50.7,73.4,79.6,35.3,7.5,12.1,5.5,3.4,4.9,46.6,27.4,49.6,19.1,0.372245002562788,"Remain",32.1,46.3,38.7,39.3,18.2
"254",254,"EE",2625,1200,4057,1635,52.9,95.9,81.2,36,6.9,10.8,2.7,2.6,3.7,49.5,1.1,40.9,12.9,0.457142857142857,"Remain",25.2,52.5,4,41.6,13.8
"263",263,"EE",4686,1956,7910,3330,47.1,82.3,69,22.8,17.3,12.4,3.5,4.2,5.5,42.2,23,48.4,18.6,0.41741357234315,"Remain",38.3,39.9,21.5,34.8,17.9
"265",265,"L",4993,1568,14935,6036,43.4,56.5,32.8,12.8,31.8,31.3,7.5,5.8,8.1,40.3,89.1,65.8,32.4,0.314039655517725,"Remain",46.2,31.6,40.7,39.4,16.2
"266",266,"SE",3366,1238,7030,3038,51,94,70,28.3,11.2,16.8,2.4,3.2,4.2,51.6,17.9,44.3,15.4,0.367795603089721,"Remain",32.9,47.4,5.6,43.4,13.8
"268",268,"L",5034,1984,14243,5229,40.4,36.5,32.9,11.8,33.4,31.4,10.7,7.4,10.9,24.9,71.8,73.3,35.8,0.394119984108065,"Remain",47.9,25.6,74.5,28.5,21.1
"271",271,"EE",4355,1627,6524,2624,49.9,90,80.3,32.2,9.4,9.3,3.9,2.7,3.6,50.5,34.3,45.8,15.7,0.373593570608496,"Remain",31.5,45.4,11.7,40.7,13.3
"272",272,"NW",7970,3963,15639,6920,48.5,97.1,67.1,25,6.8,25.2,3.6,6.4,9.6,25.2,73,64.8,31.9,0.49723964868256,"Remain",34.4,43.8,2.9,18.5,27
"273",273,"SE",3773,1806,5881,2014,49.1,94.8,81.5,29.7,3.3,9.7,4.4,2,2.9,51.3,11.6,37.8,10.9,0.478664192949907,"Remain",28.7,40.4,5.5,35.2,13.1
"275",275,"L",5760,1886,13424,5281,43,49.6,44.9,13.6,28.1,25.2,6.9,6.7,9.5,34.3,74.7,65.8,32.7,0.327430555555556,"Remain",44.9,29.6,58.4,33,20.8
"279",279,"L",5699,1628,13970,5440,41.3,50.1,39.1,13.3,25.5,33.1,8.4,7.4,10.3,34.5,130.6,66.4,32.3,0.285664151605545,"Remain",50.6,26.5,59.1,36.4,19
"282",282,"EE",4653,1192,7634,3676,42.3,87.2,55.6,18.6,12.2,30.4,3.4,3.4,4.1,63.7,61,41.8,14.8,0.256178809370299,"Remain",53.8,28.7,13.6,61.2,8.5
"283",283,"SW",6794,3396,12730,5243,46.4,95.6,68,24.7,4.5,26.5,12.5,3.3,4.8,39.8,52.7,51.3,18.2,0.499852811304092,"Remain",40.5,41.2,3.8,31.1,15.1
"284",284,"L",4301,1169,11496,5466,44.4,76.8,50,22.9,12.9,35.7,4.4,3.4,4.4,59.7,66.6,49.8,19.1,0.271797256451988,"Remain",48.5,35,22.9,55.4,9.9
"286",286,"L",5353,1399,13997,5561,40.4,54.8,26.7,10.6,36.8,32.5,11.6,6.8,10,30.5,116.8,73.1,38.6,0.261348776387073,"Remain",52,26.6,42,33.8,20.8
"293",293,"L",5169,1049,11789,5346,41.4,71,41.7,18,17.1,39.7,6.8,4.4,5.8,58.5,120.3,57.9,23.5,0.202940607467595,"Remain",54.3,28.9,26.6,57.8,9.2
"295",295,"NW",3927,1598,11563,3780,42.2,24.4,58.7,28.7,19.6,17.9,8,8.3,15.5,13.4,51.8,80.8,47,0.406926406926407,"Remain",42.2,27.3,134.2,15.9,34.1
"300",300,"L",4927,1244,11892,4613,35.9,50.8,14.5,7.5,52.8,29.8,37.5,4.9,9.4,43.1,200.1,75,32.4,0.252486299979704,"Remain",62,21.9,48.1,39.7,12.1
"302",302,"EE",2428,959,4866,1962,51.3,97.1,74.9,28.3,13.9,9.1,2.6,2.8,3.7,46.6,2.1,45.5,14.9,0.39497528830313,"Remain",30.5,47.4,2.9,37.7,17.3
"303",303,"SE",7581,3326,14805,6035,49.9,87.8,62.9,24,24.4,11.1,3.5,4,5.8,30.9,21,63.3,29.6,0.438728399947237,"Remain",31.3,44,9.8,22,26.7
"305",305,"EE",5158,1631,7925,3070,43.9,80.7,73,22.5,7.5,18.4,4.7,3,3.8,55.1,63.6,40.4,12.7,0.316207832493214,"Remain",43.2,31.9,22.2,48.7,10.9
"307",307,"L",7644,3617,15856,7028,44.3,68.7,61.8,21.9,8.7,27.6,4.1,4.8,6.2,48,46.1,51,18,0.473181580324437,"Remain",45.5,34.6,35.7,42.1,12
"313",313,"L",6262,1711,12447,5838,42.7,82,53.7,20.2,8.9,35.7,4.4,3.8,4.6,67.2,88.7,45.1,13.7,0.273235388054935,"Remain",51.5,31.2,15.3,67,6.4
"317",317,"EE",4413,1669,7735,2892,47.2,84.2,65.1,20,27.1,7,3.7,3.2,4.2,50,37,46.7,19,0.37820077045094,"Remain",37.3,35.9,16.5,41.7,17.5
"318",318,"Y",6300,2450,17192,5229,44.3,35,73,24.7,9,16.3,7.6,6.6,10.8,26.3,29.8,65.3,30.6,0.388888888888889,"Remain",39,29.2,115.3,25.5,27.9
"322",322,"L",4715,1825,12523,4841,49.6,51.6,65.9,30,9.4,22.3,5.4,3.5,5,46.4,22.8,57.6,25.2,0.387062566277837,"Remain",35.6,43.7,70,40.8,17.8
"323",323,"NW",1915,877,2002,893,52.2,97.5,88.5,42.3,1,9.4,1.6,1.2,1.7,42.7,3.9,46.2,13.7,0.457963446475196,"Remain",28.7,53.2,3.3,38.2,15.6
"327",327,"L",7778,3724,15028,5905,48.1,76.8,75.6,25,11.1,11.5,3.4,4.2,5.7,47,23.9,47.6,15.7,0.478786320390846,"Remain",35.3,41.5,26.6,36.1,14.6
"334",334,"NW",9051,4142,13061,5827,53.9,98,84.9,37.2,6.6,7.8,2.8,3.2,4.9,39,13.1,57,23.5,0.457628991271683,"Remain",26.4,55.3,2.2,29.3,21
"335",335,"L",6346,2580,16813,6962,42.8,44.9,52.5,12.9,20.7,23.8,6.7,7.4,9.9,33.9,79.6,61.2,27.2,0.406555310431768,"Remain",41.6,30.8,56.2,29,17.1
"337",337,"NW",7953,3958,14357,6492,46.7,96.6,45.7,16.4,31.2,21.1,3.4,8.3,13.5,19.3,49.4,71.4,40.6,0.497673833773419,"Remain",36.9,38,3.3,13.7,31.6
"338",338,"EE",3201,1366,7143,3377,43.9,73,40.5,15.3,18.1,39.5,8.7,6.3,8.7,35.8,51.6,61.5,29.1,0.426741643236489,"Remain",48.3,34.2,29.5,33.1,21
"339",339,"L",7770,3885,14782,5555,46.9,63.3,66.9,22.5,21.6,10.1,5.4,4.7,6.5,35.3,55.8,57.6,23.4,0.5,"Remain",34.7,40.4,39.8,27.3,19.5
"343",343,"EE",3955,1889,4343,1749,50,90.7,77.5,29.9,10.3,10.6,2.4,2.1,2.8,49.1,1,41.6,13.1,0.477623261694058,"Remain",30.5,47.1,11.9,39.6,13.7
"344",344,"L",10232,3870,17398,7704,44.1,65.4,49.4,15.3,29.9,19.1,5.8,6.3,8.5,39.6,60.3,58.1,25.9,0.378225175918686,"Remain",42.9,33.7,33.9,36.5,17
"347",347,"EE",6115,1352,9336,4113,39.5,93.3,54.5,21.6,4.1,40.3,23.9,2.7,3.7,57.6,82.6,35.9,10.5,0.221095666394113,"Remain",55.5,29.1,6.5,51.3,6.9
"353",353,"L",7239,3228,19812,6986,39.6,42.4,33.7,5.3,34.7,28.4,8.5,7.5,10.7,27.3,51.8,66.1,28.5,0.445917944467468,"Remain",47.5,21.6,56.9,32.4,18.7
"355",355,"L",7805,3182,13505,4813,48.8,74.8,84.7,28.6,4.5,10.1,4.1,3.4,4.6,45.4,27.7,45.7,15.2,0.407687379884689,"Remain",31.8,44.9,31.9,34.9,15.1
"356",356,"L",4962,1587,13584,5625,39.3,55.7,19.5,9.8,48.4,29.9,23.5,4.9,8.3,42.2,103.2,72.6,35.1,0.319830713422007,"Remain",54.9,27.6,41.9,36.1,17.5
"357",357,"L",4658,1660,9903,3630,46.3,70,74.4,25.9,5.2,18.8,5.6,3.5,4.6,47,52,47.1,16.8,0.356376127093173,"Remain",40.3,37,33.2,41.9,13.9
"362",362,"EE",3607,905,9165,3438,45.5,81.7,63.8,31.1,16.1,17.8,17,1.7,2.6,61.1,20.8,45.9,13.1,0.250901025783199,"Remain",41.6,39.1,20.6,54,10
"363",363,"EE",3446,1396,8817,3691,47.3,78.8,58.5,23.7,22.7,17.4,4.9,3.3,4.4,42.3,24.5,54.8,22.4,0.405107370864771,"Remain",39.7,39.2,24.9,37.8,19.2
"364",364,"L",7204,2674,16545,6080,45.8,37.7,59.9,21.5,12.2,25.4,7.4,5.4,7.6,35.7,67.4,60.4,25,0.371182676290949,"Remain",38.9,37.6,78.9,34.1,16.2
"368",368,"L",5173,1373,10366,4587,40.4,73.4,47.8,16.7,13.6,37.4,5.4,3.2,4,58.6,76.3,47.2,18.3,0.26541658612024,"Remain",57.6,25.3,28.4,55.4,10.1
"373",373,"L",5434,1582,12415,5276,42.4,62.9,23.7,10.9,53.5,20.9,10.4,5.8,8.7,44.8,174,68.1,34.7,0.29112992270887,"Remain",49.1,29.3,33.1,43.1,18.6
"378",378,"L",6251,1564,13769,5982,42.3,55.1,36.7,8.2,36.4,25,6,7.1,9.5,41.6,89.9,59.3,27.9,0.250199968005119,"Remain",46.7,28.5,42.1,39.3,18.4
"380",380,"L",6384,1697,14396,5372,43.7,47.5,51.1,18.1,14,32.7,7.3,6,8.2,35.2,86.9,62.9,27.6,0.265820802005013,"Remain",44,33,60.2,34.8,17
"382",382,"EE",3361,1489,5269,2212,50.2,93.2,72.4,28.4,14.1,12,2.7,2.8,3.7,49.5,2.8,45,14.1,0.443022909848259,"Remain",32.1,47.4,7.5,39.1,15.4
"386",386,"WM",11402,4891,27864,9335,43.8,22.9,66.5,28.9,11.9,19.7,9.9,7.8,11.5,25.8,40.2,69.1,33.7,0.42895983160849,"Remain",41.9,33.5,113.1,24.6,25
"391",391,"L",4414,2051,11390,3677,46.5,41.3,78.8,27.6,3.4,16.7,6.4,3.8,5.3,42.1,65.7,48.9,18,0.464657906660625,"Remain",36.5,39,91.6,36.4,15.1
"392",392,"Y",4745,2164,15422,4940,41.8,28.1,63.3,30.4,13.8,20,7.4,8.8,15.5,13.9,71.6,79.3,45.2,0.456059009483667,"Remain",42.5,24.6,133.8,12.6,37.3
"395",395,"L",10075,4746,14893,6109,51.6,88,82,34,5.9,10.7,3.4,2.7,3.8,51.1,14.6,45.6,14.5,0.47106699751861,"Remain",31.5,48.1,13.4,38,15.8
"396",396,"L",6761,2739,19200,8178,39.5,51,18.6,4.6,51.9,24.8,10.6,7.8,10.8,34.8,77.6,68.8,31.9,0.405117586155894,"Remain",51.7,22.8,48.8,35.2,19.9
"399",399,"L",7067,3312,13060,5544,49.1,79.2,74.7,31.6,8.1,16,4.5,3.8,5.4,44.5,26.4,53.3,19.7,0.468657138814207,"Remain",35.6,45.2,21.3,35.1,18.7
"402",402,"SE",2529,1155,5275,2104,50.1,91.6,75.8,26.9,9.3,12.8,2,2.3,3.1,49.8,4.5,44.2,14.4,0.456702253855279,"Remain",33.1,45.2,8.3,38.8,16.1
"403",403,"NW",2741,1299,6826,2477,42.5,42.8,59.8,32.6,21.5,16.4,6.3,6.5,10.7,20.1,18.3,69.4,35.7,0.473914629697191,"Remain",41.9,27.5,102.1,17.5,31.9
"404",404,"L",5447,1175,12110,5882,39.6,69.5,32.2,14.1,24,42.2,6.8,4.2,5.4,61.2,139.9,57.6,22.7,0.215715072516982,"Remain",61.2,25,29.6,60.6,9.5
"406",406,"WM",13643,6064,26539,9559,47.6,55.8,79.2,30.8,5.5,13.9,5.2,5,7.4,33.2,53.4,58.8,25.6,0.444477021183024,"Remain",35.7,39.3,72.6,27.3,23
"407",407,"L",6732,2425,15225,5815,45,64.6,64.1,24.9,7.5,26.1,7.2,5,7.1,36.2,80.4,61.5,27.7,0.360219845513963,"Remain",42.4,36.4,34.9,33.5,20.6
"414",414,"L",5528,1687,13324,4985,41.7,48.2,43,13.6,21.8,33,7.5,6.1,8.4,34.2,136.9,61.9,29.1,0.305173661360347,"Remain",49,26.4,59.2,33.6,20.4
"415",415,"NW",7541,3399,14046,6202,50.3,98.1,79.5,29.8,8.3,11.1,3.1,4.1,6.1,29.2,27.5,58.9,27.1,0.45073597666092,"Remain",31.7,48.8,1.8,20.3,25.6
"416",416,"L",6613,1354,12578,5073,40.7,59.5,36,11.5,38.8,23.8,6.5,5.7,7.3,48.5,119.2,55.4,25.6,0.204748223196734,"Remain",51.6,26.1,38.4,47.8,14.2
"417",417,"L",5341,1624,14077,5881,43.1,68.5,47.3,19.8,13.5,37.3,6.1,4.5,5.9,54.2,67.5,51.2,20,0.304062909567497,"Remain",49.7,33.2,33,52.6,10.8
"418",418,"L",6507,1393,14202,6092,40,47.3,22.1,5.1,52.3,24.2,9.8,7.4,10.1,41.1,128.9,65.8,32,0.214077147687106,"Remain",52,27.8,48,41.3,16
"420",420,"NW",6360,3103,10007,4373,51.7,97.5,83.3,37.1,5.1,10.5,2.9,2.3,3.2,48.5,3.1,45.8,16.4,0.487893081761006,"Remain",29,51.7,2.9,39.7,15.3
"425",425,"NW",8356,2678,13544,5765,49.7,88.6,78.5,31.3,6.9,13.9,4,3.5,4.7,49.5,37.9,49.4,19,0.320488271900431,"Remain",33.9,45.2,15.6,41.9,16.6
"432",432,"SE",8450,1922,15754,7988,44.3,88.2,51.2,17.8,5.7,41.2,5.7,3.7,4.7,52.4,114.2,54.4,22,0.227455621301775,"Remain",50.8,34,9.8,49.2,11.9
"433",433,"L",5059,1478,15626,6155,44.8,56.9,51.6,24.5,5,41,6,4,5.5,50.6,48.9,52.7,17.3,0.29215259932793,"Remain",45.2,34,41.8,50.8,9.2
"436",436,"EE",1403,607,2100,842,51.4,97,69.1,32.2,12.8,15.2,3.4,1.9,2.6,51.2,0.3,42.1,12.6,0.432644333570919,"Remain",27,51,2.1,39.3,13.4
"437",437,"L",7133,1496,15095,6600,37.1,59.6,24.1,7,36.6,38,7.2,5.5,6.8,51.5,181.5,59.5,26.2,0.20972942660872,"Remain",64.1,22.1,37.3,52.9,13.3
"438",438,"L",4477,1632,15736,5620,41.6,35.2,44.2,14.8,16.2,37.5,9.3,7,10.2,24.2,61,72,35.7,0.364529819075274,"Remain",47.1,26.7,80.6,26.6,23
"439",439,"L",8985,3946,14413,5979,41.7,66.1,38.1,13.2,37.2,19.6,11.8,4.7,6.6,39.1,46.9,63.6,28.5,0.439176405119644,"Remain",49.5,30.9,35.4,35.3,17.2
"440",440,"SE",7268,2008,15086,8015,43.5,87.6,36.3,12.5,23.5,37.8,12.6,4.6,6.7,43,127.1,67.4,34.4,0.276279581728123,"Remain",51,35.9,11.7,39.3,18.2
"450",450,"EE",4077,1717,6252,2545,51.7,95.1,76.1,30.3,13.1,9.3,2.3,2.2,3.1,50.4,1.3,44.8,16.1,0.421142997301938,"Remain",29.6,47.8,5.5,41.6,16.2
"453",453,"EE",4749,1642,9948,4123,42.3,83.1,40.3,14,36.2,21.7,8.6,3.8,5.1,38.2,25.8,55.2,24.9,0.345757001473995,"Remain",48.2,30.5,15.9,36.2,20.2
"455",455,"L",5079,2487,11522,4338,44.2,52.5,40,11.2,36.9,20.7,7.1,6.3,9.1,25,39.4,70.9,34.4,0.489663319551093,"Remain",41.5,32.4,50.3,23.3,24.5
"456",456,"L",4879,1887,12661,4362,41.6,41.3,50.6,20.2,11.6,35.8,10.1,5.4,7.9,31.3,65.4,66.3,30.3,0.386759581881533,"Remain",48.4,29.1,78.6,33.3,19.3
"464",464,"L",4946,2254,11287,4243,42.9,42.6,46.3,13.6,25,26.2,8.3,6.2,8.8,25.4,101.3,69.1,32.6,0.455721795390214,"Remain",43.8,30.5,61.4,25.3,21
"465",465,"L",4936,2122,9287,3464,47.8,74.6,78,31.1,5.1,15.7,5.3,3.2,4.4,41.8,42.8,51.4,18.8,0.429902755267423,"Remain",36.5,43.1,30.8,35.2,17
"470",470,"WM",10065,3817,34078,9266,41.5,14.5,60.7,27,16.1,20.5,9.1,9.5,17.9,12.8,82.8,80.2,45.9,0.379234972677596,"Remain",40.3,22.3,134.3,13.3,38.6
"471",471,"L",6191,2909,13968,4318,44,17.9,50.6,21.4,24.4,22.2,9.3,6.1,9.5,22.9,63.4,76.5,40.4,0.469875625908577,"Remain",41.7,32.9,116.7,24.4,23.5
"473",473,"Y",5565,2643,21637,6747,40.6,28.8,55.5,25.4,21.7,20.1,7.2,9.6,16.8,11.8,76.3,81.7,46.2,0.474932614555256,"Remain",42,22.2,118.1,12.8,38.3
"475",475,"L",4259,1831,11276,4372,51,56.7,64.4,29.4,15.2,18.7,4.9,4,5.9,43.1,26,57.1,23.9,0.429913125146748,"Remain",33.7,46.2,60.4,35.3,19.7
"478",478,"L",5180,1141,12954,5884,43.1,67.6,39.8,20.1,18.4,39.4,7.4,3.5,4.8,63.3,105.7,51.9,17.9,0.22027027027027,"Remain",51.3,30.8,32.8,60.4,9
"480",480,"EE",4475,1559,7269,2655,49.5,92.2,85.3,30.4,6.4,7.6,3,2,2.7,62.8,22.6,33.7,8.9,0.348379888268156,"Remain",30.6,41,8.2,53,8.9
"481",481,"EE",6017,2167,9257,4190,54.2,95.6,79,35.8,9,11.3,2,3.2,4.8,32.1,36,61.9,28.8,0.360146252285192,"Remain",27.2,54.7,4,18.6,29.9
"482",482,"WM",9027,3010,24528,9041,38.2,57.8,45.5,21.2,19.4,32.1,32.8,4.5,7.9,48.6,29,56.4,23.8,0.33344411210812,"Remain",57.2,28.5,54.8,37,12.2
"484",484,"SE",8763,1791,16073,6528,37.3,89.7,46.1,13.3,11.8,40.8,25.8,3.5,5,46.5,116.9,52.1,21.6,0.204382060938035,"Remain",59.5,24.2,9.1,40.8,11.4
"486",486,"EE",3565,1427,4975,2107,49.1,94.3,80.8,30,7.8,10.7,2.7,2.4,3.1,50.3,3.8,43.6,13.7,0.400280504908836,"Remain",33.6,45.5,6,41.7,13
"489",489,"L",6202,3043,14640,4099,41.3,8.6,50.8,20.3,12.8,33.3,11.9,6.9,10.6,17.6,94.7,81.1,44.2,0.490648178007094,"Remain",46.3,28.6,142.4,21.6,23.6
"491",491,"L",5101,1152,12755,6156,43.7,72.2,42,22.7,21.1,35.3,5.9,3.8,5,63.8,167.7,51.8,19,0.225838070966477,"Remain",49.8,31.7,26.8,62.2,8.4
"492",492,"L",4727,1839,13856,5009,39.8,43,36.1,10.8,26.3,35.9,14.1,7.1,10.1,27.9,165.3,69.8,33.4,0.389041675481278,"Remain",50.6,25.6,62.8,30.5,19.2
"493",493,"NW",6667,2160,14253,8093,34.9,80.2,18.9,4.6,26.7,52.8,13,5,6.5,44,37.9,65,22.6,0.323983800809959,"Remain",70.6,18.5,20.7,45.5,15.7
"495",495,"L",5031,2295,10330,3694,44.8,43.6,60.2,17,23.4,14.8,7.2,6.1,8.5,26,49,65.4,28.3,0.456171735241503,"Remain",37.1,35,60.1,23.4,21.7
"496",496,"EE",1714,853,2619,1044,51.6,97,72.2,31.1,14,9.9,2.7,1.8,2.4,46.8,0.4,43.1,13.3,0.497666277712952,"Remain",28,49.1,3.2,36.7,15.4
"497",497,"EE",5841,2816,10125,4627,46.8,95.4,73.3,24,0.9,25,1.9,3.2,4.1,46.9,68.6,45.6,15.3,0.48210922787194,"Remain",40.8,37.7,4.4,34.1,14.6
"500",500,"Y",5629,2122,19997,5353,40.8,14.3,75.5,30.5,4.3,18.4,8.5,7.6,13.7,16.2,81.9,76.6,40.8,0.376976372357435,"Remain",43.6,22.8,159.4,17.3,34.9
"501",501,"EE",2427,1158,3773,1534,52.9,96.7,86,36.2,5.1,7,2.6,2.4,3.3,47.3,2.2,44.2,13.2,0.477132262051916,"Remain",25.7,51.9,3.3,37.7,14.7
"506",506,"WM",6912,3387,13060,4831,50.4,53.3,84.8,40.3,2.7,11.6,4.5,4.2,6.3,41.2,28.9,55.1,20.1,0.490017361111111,"Remain",32.2,45.6,75.6,34.1,21.4
"508",508,"L",5908,1501,14321,6754,41.6,56.6,25,8.7,49.2,21.3,8.5,5.9,7.9,48.1,138.1,63.7,28.2,0.254062288422478,"Remain",51.1,30.2,40.2,46.5,16.3
"513",513,"EE",3118,1235,2473,1000,48.3,95.4,79.4,26.8,7.7,10.9,2,1.7,2.1,47.4,1.5,42.2,13.9,0.396087235407312,"Remain",34.3,42.9,4.3,37.9,14.9
"514",514,"SE",8535,2411,14512,6334,48.6,90.7,75.7,28.6,2.9,20.1,4.3,2.9,3.8,53.8,18.3,45.3,15.5,0.282483889865261,"Remain",36.1,42.5,8.6,46.6,11.9
"516",516,"NW",8974,4102,13940,5980,51.1,98.5,82.6,31.8,8.3,8.4,3.3,3.4,5,32.2,18.4,55.9,24.5,0.457098283931357,"Remain",31.3,49,1.5,23.6,22.2
"518",518,"EE",4551,1695,7723,2919,48.8,92.7,74.9,26.7,13.6,10.3,3.1,2.5,3.4,56,29.8,39.1,13,0.372445616348055,"Remain",32.5,39,6.9,47,12.3
"519",519,"L",7910,3741,13955,3980,43.9,16.5,68.2,26.6,6.6,23.5,9.3,5.3,7.7,24.2,93,71,33.1,0.472945638432364,"Remain",42,34.8,125.7,25.4,19.8
"521",521,"L",8315,4071,15232,5406,40.5,29.3,38.1,16.7,12.9,44.1,11.8,4.9,6.6,35.2,90,70.1,29.6,0.48959711365003,"Remain",54.1,25.7,111,42.8,12.8
"522",522,"WM",5430,2486,12345,5394,45.3,57.3,58.1,26.8,11.2,29.2,8.4,7.8,11.1,35.6,36,61.5,26.9,0.457826887661142,"Remain",43.9,38.6,60.2,33.8,19.8
"523",523,"L",7783,3738,12830,4889,50.9,80.5,85.4,32.5,6.7,7.1,3.5,3.2,4.5,46.4,20.7,46.9,14.8,0.480277527945522,"Remain",29.2,48,24.1,35,15.1
"526",526,"SE",7453,2885,14142,6588,44.9,88.9,32.6,11.8,44.8,20.4,6.7,5.7,8.7,33.3,35.7,67.8,35.5,0.387092445994901,"Remain",42.5,36.6,9.8,29.5,25.6
"527",527,"L",6786,2775,13845,5237,48.3,73.7,69.4,30.7,10,18.9,9.7,4.2,6.3,42.8,13.6,54.7,22.4,0.408930150309461,"Remain",36.8,43.7,28.6,35,19
"533",533,"WM",11893,4049,23097,9980,44.4,65.6,56.7,24,11.9,29.3,11.8,4.8,6.8,52.4,44.2,51,21.8,0.340452366938535,"Remain",46.3,35.1,45.8,48.7,16.9
"535",535,"WM",11164,3936,31522,9348,42.4,21.2,65.9,30.8,10,21.8,8.8,7.4,13.1,19.2,71.4,73.2,38.7,0.352561805804371,"Remain",41.6,26.3,132.1,19.7,32.1
"536",536,"L",10192,4030,15625,6930,45.6,79.4,70.5,20,10.7,16.7,3.1,4.3,5.5,47.8,70.7,49,19.5,0.395408163265306,"Remain",41.9,36,20.7,38.3,15.2
"538",538,"EM",5256,2580,10747,4206,47.7,54.9,65.5,25.4,15.2,16.9,6.8,5.6,8.9,23.8,36.3,67.7,32.1,0.490867579908676,"Remain",36.6,38.3,67.2,20,30.4
"539",539,"L",5431,1471,14574,5578,40.7,56.8,35.1,12.6,24.3,38.3,9.5,6.2,8.8,29.9,100.2,69.9,35.1,0.270852513349291,"Remain",51.7,26.8,40.7,32.9,20
"542",542,"EE",2920,1321,9180,3934,43.9,82.5,39.5,13.4,37.9,18.9,6.4,4.8,6.4,32.7,59.9,59.6,25.6,0.452397260273973,"Remain",46.3,33.7,19,31.5,22.1
"544",544,"L",4643,1263,9014,4269,44.3,78.3,51.2,24.6,6.6,40.6,4,2.7,3.4,68.7,78.1,41.1,12.5,0.27202239931079,"Remain",51,34,24.4,64.6,6.4
"545",545,"EE",5322,1621,9444,4055,44.7,85.9,36.1,15.6,38.9,22,7.3,3.7,5,45.3,37.1,55.9,22.3,0.304584742577978,"Remain",46.2,34.6,13.3,42.7,18.7
"547",547,"SE",2052,817,4299,1921,53,93.3,75.8,37.3,5.2,17.1,2.3,2,2.9,53.1,6.9,46.5,14.4,0.398148148148148,"Remain",28.9,52.1,6.6,43.4,14
"548",548,"L",5976,2882,16600,6111,43.4,41.1,42.2,14.7,26.5,28.1,8.4,7.5,11.8,21.5,92,73.3,38.2,0.482262382864793,"Remain",39.5,29.7,53.9,20,28.5
"551",551,"Y",7195,2836,21298,5780,40.4,17.3,67.2,31.2,13,17.5,8.3,8.4,15.6,11.4,76.9,80.6,46.3,0.394162612925643,"Remain",42.1,21.3,149.1,12.2,39
"552",552,"L",7821,3666,9865,4203,51.1,84.4,82.4,35,4.5,12.4,3.1,2.8,3.9,54.9,41.2,45.2,13.7,0.468738013041811,"Remain",30.9,47.9,17,43.3,12.1
"554",554,"NW",4146,1930,11351,4299,42.2,38.9,53.5,21.7,27.2,16.3,6.6,8.9,15.8,13.7,56.4,79.9,48.9,0.465508924264351,"Remain",43.2,27.9,91,13.8,37.2
"555",555,"L",6609,3177,14566,5544,43.5,63.8,52.6,14.7,23.7,22.2,6.7,6.2,9,30.4,52.2,64.6,30.6,0.480708125283704,"Remain",41.4,30.6,32.1,25.4,24.6
"560",560,"L",6287,1134,12905,5438,38.6,75.7,43.2,16.3,21.3,34.4,5.4,3.8,4.6,64.3,98.6,47.3,17.5,0.180372196596151,"Remain",60.2,23,23.3,63.3,8.3
"562",562,"L",6977,1459,14611,6214,40.1,61.1,40.7,12.9,12.9,44.9,6.2,5.4,6.8,45.8,103.4,59.7,24.8,0.209115665758922,"Remain",55.5,25.9,41.4,46.3,12.6
"564",564,"EE",5944,2355,9975,4886,41.3,92.5,49.5,15.2,16.6,32.3,4.8,4.7,6,33.2,75.9,49.3,20.4,0.396197846567968,"Remain",53.6,29.1,6.9,28.8,18.3
"566",566,"L",7340,2486,16149,6524,44.6,48.7,56.6,17.4,20,21.4,6.7,6,8.3,38.1,63.2,58.5,23.2,0.338692098092643,"Remain",41.3,35.4,56.7,35.2,16.6
"567",567,"L",7544,1518,17315,7194,37.6,56.7,22.9,7.1,42.3,32.2,8.4,6,7.7,48.4,167.8,63.1,26.9,0.201219512195122,"Remain",59.8,21.7,40.2,48.5,13.9
"572",572,"L",4902,2165,11455,3960,45.6,54.9,72.3,25.1,4.7,21.6,6.4,4,5.4,37.7,65.5,56.8,22.2,0.441656466748266,"Remain",39.9,37.8,65.3,32.9,15.7
"575",575,"NW",3171,1461,6022,2193,50,62.6,91,40.9,1.1,6.5,4.3,2.1,3.1,43.8,13,46.4,12.7,0.46073793755913,"Remain",30.9,45.9,67,37.4,16.4
"577",577,"NW",8288,3141,12021,4907,54.4,95.1,93.1,41.5,1.3,4.9,2.9,2,2.9,56,13.1,41,10.5,0.37898166023166,"Remain",24.4,54.7,6.1,44.7,11.8
"579",579,"L",5407,1831,12712,5697,41.6,69,40.4,11.7,30.2,26.8,6,6.3,8.3,51.3,123.5,60,26.5,0.33863510264472,"Remain",51.4,28.6,27.2,51.5,13.8
"587",587,"L",5733,1902,12933,4850,40.3,52.4,45.5,17.4,14.4,37.9,9.5,6.1,8.1,40.9,101.2,61.4,25,0.331763474620618,"Remain",54,27.2,58.8,40.8,15.1
"588",588,"L",7901,3351,11181,4041,44.8,43.5,64.3,23.9,6.7,27.3,7.2,4.5,6.2,44.8,78.5,56.8,22,0.424123528667257,"Remain",41.7,35.5,80.1,43,13.1
"591",591,"L",5992,1670,12122,5729,41.6,71.8,27.5,11.1,47.8,21.7,6.4,5.6,7.8,50.4,154,62.5,30.3,0.278704939919893,"Remain",51.8,29.1,24.5,47.3,19.2
"595",595,"L",4773,1693,9857,3473,42.9,42.5,57.2,21.7,3.7,37.9,8.8,4.8,6.5,31.5,114.4,60.7,25.5,0.354703540750052,"Remain",47.3,32.1,68.3,32.1,15.8
"600",600,"L",6678,2554,14514,5934,45.7,68.4,60.5,25.6,7.6,29.7,7.4,4.7,6.5,45.8,55.3,53.4,20.1,0.382449835280024,"Remain",43.1,35.8,32.3,41.2,16.1
"601",601,"L",4898,993,11317,5222,47.3,80,53.3,33.2,11.4,33.2,4.5,2.7,3.6,72.6,47.4,47.2,13.3,0.202735810534912,"Remain",42.5,38.6,19.2,68.3,6.1
"604",604,"WM",9789,3469,31203,9572,41,10.8,50,25.6,29.1,17.8,11.3,11.1,19.3,14.5,92,78.7,44,0.35437736234549,"Remain",43.8,24.4,126.5,16.3,34.3
"607",607,"L",4442,1212,8526,3485,50.8,82.9,71.7,40.8,3.5,22.4,3.7,2,3,68.3,14.1,34.7,9.2,0.272850067537145,"Remain",31.7,47.3,19.1,62.3,6.8
"609",609,"EE",4111,774,9826,2091,32.2,80.3,58.1,30.6,8.8,31,61,0.9,2.7,65.2,29.6,42.7,11.9,0.188275358793481,"Remain",73.3,19.3,21.7,41.9,3.7
"610",610,"L",6113,2941,14359,5845,44.5,66.4,51,14.8,30.4,16.8,7.1,5.3,7.6,34.8,61.9,63.5,30.4,0.481105840013087,"Remain",42.9,34.1,34.6,30.8,23.7
"612",612,"L",6458,2572,10737,4009,50.6,56.7,74.1,31.2,9.5,14.8,4.2,3.8,5.3,48.3,33.6,51.8,19.5,0.398265716940229,"Remain",31.8,46.7,66.1,41.8,15.4
"613",613,"EE",3458,1655,5455,2171,49.5,96.5,84.2,31.4,8,7.3,2,2.5,3.3,40.4,18.5,44.4,13.6,0.4786003470214,"Remain",33.2,44.4,3.1,30.6,18.2
"614",614,"L",4785,1405,13487,4840,43,47.5,27.9,7.5,49.2,20.1,8.6,7.8,12.7,21.1,81.5,77.6,43.2,0.29362591431557,"Remain",39.7,29.4,46.1,20.7,30
"617",617,"NW",5849,2799,9639,3897,48.6,93.1,88.1,31.2,2.4,8.9,3.2,2.2,2.9,48.2,9.5,42.5,14,0.478543340742007,"Remain",33.5,44.1,9.1,34.9,15.9
"618",618,"L",5643,1883,13875,5611,40.1,51,12.3,4.8,62.9,21.6,19.4,5.7,9.8,31.9,101.6,75.6,40.3,0.333687754740386,"Remain",51.1,26.9,44.9,29.5,22.7
"619",619,"WM",14296,6003,26046,11317,47.8,84,61.9,21.8,21.1,15,4.8,5.1,7.2,40.8,41.1,56.5,26,0.419907666480134,"Remain",37.1,41.1,18.5,34.5,22.8
"622",622,"L",6433,1334,13473,5817,41.1,71.6,34.4,15.1,33.8,29.7,9.5,4.2,5.8,55.1,134.5,61.4,25.7,0.207368257422664,"Remain",53.7,28.8,25.6,54.6,13.6
"623",623,"WM",3498,1742,5662,2160,43.7,93.2,77.6,17.1,5.5,16.3,3.2,2.6,3.1,47.6,25.3,35.2,8.4,0.497998856489423,"Remain",41,32.5,9.9,37.2,10.5
"631",631,"EE",3837,1116,9108,3902,44.7,82.3,46.7,23.1,27.4,23.9,11,4.4,6.2,42.1,62.5,56.2,23,0.290852228303362,"Remain",46,36.1,17.4,42.6,18.1
"637",637,"SE",8901,1638,14973,6524,42.5,91,63.8,19.2,4.4,29.6,9.1,3.1,3.9,56.3,92,45.4,16.3,0.184024266936299,"Remain",47.9,31.5,8.5,53.1,9.1
"639",639,"EE",3800,1574,6642,2693,48.2,78.9,64.7,27.6,22.7,11.5,4.2,4.1,5.7,46,28.8,51.6,20.4,0.414210526315789,"Remain",37.3,41,22.8,38.6,17.3
"642",642,"L",5786,2001,14109,5530,42.7,61.4,54.4,22.8,10.3,33.6,7.5,5.6,7.5,36.8,97.4,63,29.4,0.345834773591428,"Remain",48.5,32.1,39.7,36.3,16.7
"643",643,"L",4607,1730,14699,5465,40.3,54.3,33.7,13.6,23.8,39.5,10.3,6.2,8.9,32.3,137.4,70.7,36.3,0.375515519861081,"Remain",53.8,26,41.3,35.2,20.4
"645",645,"L",8467,3898,15185,6556,47.6,80.7,67.6,23.8,15.2,15.8,3.4,4.5,6.1,43.7,38.9,53.1,22,0.460375575764734,"Remain",38.2,39.8,19.7,34.1,18.6
"647",647,"L",6934,2629,16608,6598,44.1,32.9,53.5,14.6,19,25.7,8.1,7.3,10.1,31.2,101.3,63.6,28.9,0.379146235938852,"Remain",38.8,33.1,70.9,28.3,18.7
"648",648,"NW",8460,2936,14024,6028,48.2,82.8,81.1,31.3,5.5,12.3,4.1,3.4,4.6,48.1,37.1,46.5,17.4,0.347044917257683,"Remain",35.5,43,24.7,41.8,15.1
"649",649,"EM",7560,2769,15478,6679,45.4,79.4,59,21.5,17.9,21.8,4.6,5.5,7.7,37.8,49.7,55.2,24.9,0.366269841269841,"Remain",43.7,37.1,24.2,35,22.1
"650",650,"L",9562,4377,10454,3944,49.7,59.4,81.8,32,5.3,11.9,4.1,3.2,4.4,53.4,45.5,43.6,13.6,0.457749424806526,"Remain",32.3,43.6,59.8,47.5,11.4
"651",651,"L",4493,1796,10135,3585,48.5,47.4,80.1,32.7,3.2,15.2,5.6,3.3,4.6,49.2,31.5,48.8,15.9,0.399732917872246,"Remain",34.9,44.1,79.5,43.6,12.9
"653",653,"NW",2116,1052,2119,843,48.7,98.6,89.6,33.8,1.4,7.8,2.2,1.6,2,31.7,42,46.5,13.1,0.497164461247637,"Remain",32.3,44.8,1.1,25.4,16.4
"654",654,"NW",8183,3266,12328,5052,53.6,97.6,88.1,41.6,4.2,6.9,2.6,2.4,3.5,51.4,5.4,43.7,13.8,0.399120127092753,"Remain",25.2,55,2.3,43.1,14.7
"655",655,"Y",8391,3099,14871,6411,54.8,97.3,82.2,38.3,5,11.4,2.4,2.2,3.1,57,8,42.1,12.7,0.369324276010011,"Remain",25.4,53.6,2.9,50.1,13.8
"659",659,"L",6332,2751,17562,6133,43.2,23.5,53.2,17.7,14.8,29,9.6,6.3,9.2,27.8,91.2,68.2,30.7,0.434459886291851,"Remain",40.8,31,96.6,27.3,17.9
"661",661,"L",4039,1994,12339,3912,43.4,23.4,56,20.3,16,26,9.6,5.2,7.5,28.7,75.1,69.1,31.5,0.493686556078237,"Remain",44.8,31.7,119.5,32,17.3
"663",663,"EE",5014,1577,8524,3820,43.6,79.3,65.1,21,10.2,22,3.7,4.2,5.2,49,22.9,46.3,15.8,0.314519345831671,"Remain",46.8,32.6,25.7,43.7,13.1
"664",664,"SW",3955,1740,11195,3710,30.5,90,20.9,8.6,8.4,69.8,58,2.5,5.3,30.9,131.7,60.8,23.2,0.439949431099874,"Remain",77.3,16.3,9.5,21.2,8.5
"665",665,"Y",6552,3253,12765,5508,49.4,84,77.6,31.7,3.6,17.6,3.4,3.3,4.6,44.9,35.3,49.6,17.8,0.496489621489622,"Remain",34.9,43.9,27.1,35.6,17.2
"668",668,"L",10746,5351,14946,5738,51.7,89.4,88.9,34.1,2.7,7.2,3.1,2.5,3.5,46.5,34.7,45.5,14.8,0.497952726595943,"Remain",27.6,49.5,11.6,32.5,15.2
"671",671,"L",5962,1802,14619,5738,45.6,63.1,54.2,20.9,21.5,22.3,6.2,4.9,7,48.5,67.1,54.6,23.3,0.302247567930225,"Remain",39.6,36.2,36.9,46.2,13.1
"676",676,"L",6878,1559,11843,5090,42.3,66.3,33.7,11.3,44.3,20.4,7.2,6.3,9.1,44.2,147.3,62.6,30.1,0.226664728118639,"Remain",47.7,30.9,30,43.7,17.9
"677",677,"L",5049,1498,9715,4589,39.5,58,19,8.5,44.3,33.9,17.7,4.9,7.1,51.8,80.5,59.2,23.8,0.296692414339473,"Remain",57.4,29.8,39.9,47.2,14.5
"680",680,"SE",6312,2754,12732,6258,42.2,85.7,43,16.5,6.6,48.5,17,3.8,5.4,46.6,82.7,53.1,19.5,0.436311787072243,"Remain",53.8,33.8,13.9,39.2,13.3
"688",688,"L",7143,3243,17148,7136,44.2,55.4,48.2,13.8,26.8,22.6,6.2,5.3,7.3,35.4,48.3,62.1,26.1,0.454010919781604,"Remain",42.7,32.4,47.8,30.1,19.1
"689",689,"EE",4437,1968,6530,2604,53.1,90.9,89.4,39.2,1.8,7.8,3.1,2.4,3.4,48.5,5.9,48.9,14.4,0.443542934415145,"Remain",26.4,53.2,11.7,34.9,16.8
"690",690,"L",6504,2014,14700,6730,37.4,65.5,19,7.3,50.8,27.9,22.6,5.1,7.8,50.9,138.4,67.8,28.3,0.309655596555966,"Remain",61.6,23.7,33,45.2,15.8
"691",691,"L",5138,1344,9839,4293,41,77.8,53.6,17,11,33.9,3.9,3.1,3.8,63.3,93.9,41.5,14.5,0.26158038147139,"Remain",56,25.8,24.8,59.6,9.2
"692",692,"L",6579,2761,18730,7058,41.2,31.4,41.1,10.6,26.4,30.1,9.1,6.8,9.7,26,72,70.9,33.1,0.419668642650859,"Remain",45,26.5,82.4,26.9,20.2
"693",693,"L",5240,1587,9778,4194,46.4,80.2,62.9,25.1,9.7,26.3,3.6,2.8,3.7,59.3,54.1,44.3,13.6,0.302862595419847,"Remain",43.1,36.1,21.3,54.3,9.7
"695",695,"EE",1914,826,2858,1220,46.9,94.3,85.5,22.8,3,10.1,2.7,2.3,2.8,47.7,41.8,37.4,10.9,0.431556948798328,"Remain",35.9,41.5,7.2,36.5,11
"697",697,"EE",6009,1881,10447,5403,44.8,91.4,44.9,21.1,20.8,32.4,13.3,3.7,5.3,47.1,54.4,51.6,21.7,0.313030454318522,"Remain",48.2,38.9,9.3,42.1,14.9
"700",700,"WM",7915,3926,13051,5375,47.1,85.8,82.7,29,1.5,14.5,3.1,2.8,3.6,52.8,10,40,10.7,0.496020214782059,"Remain",37.3,41.4,21.7,39.7,12.1
"702",702,"WM",3215,1425,5329,2268,50.3,92.3,78.7,33.3,6.5,13.7,3.4,2.9,4,45.1,28.7,46.4,16.6,0.443234836702955,"Remain",32.7,45.1,11.2,37.8,17.8
"704",704,"Y",5444,2058,20066,5628,40.3,14.9,62.4,32.9,18.1,16.6,8.1,8.8,17.1,12.2,59,83.6,51.2,0.378030859662013,"Remain",44.4,21.8,146.8,13.4,40.9
"706",706,"SE",8047,3097,13708,6385,51.5,90.2,73.5,34.3,3.2,21.3,5.6,3,4.3,48.1,13.8,50.9,16.7,0.384863924443892,"Remain",32.1,50.7,9.2,38.1,15
"711",711,"EM",3591,1641,13376,4935,31.9,58.4,16.2,5.7,33.5,48.4,45.4,6.7,13.3,20.7,78.3,70.3,35,0.456975772765246,"Remain",69.5,16.7,50.9,19.1,16.1
"719",719,"EM",7050,2856,15912,7403,43.8,74.2,50.3,19.1,20.6,27.5,8,6.4,9,37.7,45.2,57.5,25.3,0.405106382978723,"Remain",46.2,34.6,28.7,34.2,20.2
"721",721,"L",5589,1397,11244,4303,42.2,79.6,63.6,23.5,8,26.1,5,2.5,3.2,62.6,50.2,42.8,12.4,0.249955269278941,"Remain",48.2,28.8,23.2,59.6,7.8
"723",723,"L",6122,2750,11402,4200,45.9,66.9,66.9,20.9,17.8,13.4,5.3,5,6.9,38.4,49.7,57.9,25.1,0.449199607971251,"Remain",37.5,36.7,36.6,28.9,20
"726",726,"WM",14476,6991,23457,9675,50.6,86.5,84.3,34.3,4.3,10.3,3.3,3.2,4.4,46.7,37.5,49.2,17.6,0.482937275490467,"Remain",31.5,48.4,18.5,36.3,17.7
"727",727,"EE",3184,1087,4406,1841,53.1,92.8,88.1,38.9,3.4,7.2,2,1.8,2.5,56.6,9.6,37,9.7,0.341394472361809,"Remain",26.5,52.9,8.8,48.5,12.5
"728",728,"L",7945,2785,12306,6137,41.8,61.9,33.4,8.1,35.3,29.1,5.7,6.6,8.8,40.7,55,60.5,26.7,0.350534927627439,"Remain",51.1,28,37.2,38.1,16.9
"730",730,"EE",3421,1580,4939,2148,48.3,95.3,75.2,28.6,9.3,14.9,2.4,2.5,3.2,45.9,12.8,44.3,15.4,0.461853259280912,"Remain",37.2,44.5,4.5,35.9,14.1
"731",731,"NW",8905,3499,14759,6009,51.3,81.3,83.5,33.5,6,9.1,4.5,3.1,4.5,47.9,23.2,49.2,18.3,0.39292532285233,"Remain",31,47.1,26.9,39.9,17.6
"732",732,"EE",2361,287,7180,1668,31.2,82.2,35.2,20.7,10.9,49.9,61.8,1.2,3.3,65.7,43.5,48.5,13.5,0.121558661584075,"Remain",76.9,16.7,18.4,44.3,2.8
"733",733,"L",5657,1163,14641,5950,41,47.2,25,8.4,37.3,33.9,11,7.7,11.3,26.8,110.3,75.1,40.8,0.205585999646456,"Remain",49.9,27.5,47,29.2,22.7
"737",737,"EE",3347,1641,11552,4804,42.6,91.7,36,13,42.4,19.4,12.1,5.9,8.9,24.1,31.7,61.8,30.6,0.490289811771736,"Remain",45.1,31.3,8.4,20.7,27.5
"739",739,"Y",7607,3068,11885,4974,52.3,98.1,86.1,36.9,4.9,7.6,2.4,1.7,2.3,53.9,7.7,39.8,11.7,0.403312738267385,"Remain",27.7,50.2,2,45.8,13
"742",742,"L",6260,1189,10829,4511,45.5,83.8,63.1,26.2,8.4,27,4.7,3.6,4.6,64.1,67.2,45.1,13.7,0.189936102236422,"Remain",42.6,37.6,14.3,62.8,8.3
"743",743,"L",4565,1230,10937,4839,36.6,59.6,24,13.5,29.7,42.9,36,3.1,5.6,58.6,109.9,70.7,24.2,0.269441401971522,"Remain",66.7,25.7,40.1,46.5,7.8
"744",744,"L",7527,3320,13489,5344,46.1,66.5,63.9,20.5,17.9,16.6,5.4,5.9,8.3,36.6,36.6,58.8,25,0.441078783047695,"Remain",38.7,38,36.1,31.3,19.4
"748",748,"EE",1786,828,2604,1176,52.5,96.9,75.7,30.3,13.5,9.4,2,2.9,3.9,48.1,5,48.8,17.7,0.463605823068309,"Remain",28.4,51.4,3.4,38.8,16.9
"750",750,"L",4446,1794,12753,4549,39.4,39,27.9,11.2,36.1,35,12.6,7.9,11.3,24.7,123.8,73.2,36.3,0.403508771929825,"Remain",52,24.6,70.1,28.6,19.3
"758",758,"WM",8499,2620,25993,8228,33,71.2,34.4,15.5,7.1,56.9,53.2,2.9,6.2,42.9,59.7,52.5,18.4,0.30827156136016,"Remain",69.5,19.7,35.6,29.2,10.3
"759",759,"WM",10306,3182,32550,9445,40.9,12.4,51,26.2,26.8,19.1,10.8,9.6,18.9,14.5,82.2,81.1,48.5,0.308752183194256,"Remain",42.1,23.5,122.7,15.8,36.9
"762",762,"SE",6313,2797,8157,3125,43.9,90.5,82.8,16.9,4.8,10.7,2.2,2.6,3.1,56.3,46.8,29.3,6,0.443054015523523,"Remain",39.7,32.1,12.7,42.3,7.4
"768",768,"SE",5970,2795,16703,7119,39.4,75.9,29,14,28.5,40.1,31.5,3.9,7,37.6,107.4,63.1,26.3,0.468174204355109,"Remain",55.1,29.3,23.5,28.6,15.9
"769",769,"L",7759,2180,13385,5510,43.5,72.9,58.3,21.4,9.4,30.4,5.9,3.8,4.9,55,93.6,47.9,19.2,0.280964041757959,"Remain",47.7,32.7,30.8,53.7,10.2
"771",771,"L",5540,2640,11712,3807,44.9,33.7,64.8,20.7,8.7,24.9,7.4,5.1,7.2,31,76.2,63.3,27.2,0.476534296028881,"Remain",38.8,35.1,85.4,28.9,17.3
"772",772,"EE",4206,1585,7388,2987,46,78.8,59.5,18.5,25.2,14.1,3.6,3.8,5,46.6,24.8,49.3,21.1,0.376842605801236,"Remain",41.7,34.4,22.3,41.6,18.5
"773",773,"EE",7010,3085,7175,3004,50,94.1,70.1,29.6,18.3,8.5,2.6,2.5,3.3,36.9,9.6,52.7,20.5,0.440085592011412,"Remain",33.3,47.6,6.6,28,21.6
"775",775,"L",7087,2605,13459,5371,47.3,76.2,72,27.7,5.3,21.4,5.3,3.8,5.1,49.4,50,49.4,19.3,0.367574432058699,"Remain",38.5,41,22.7,42.9,15.4
"780",780,"Y",6549,2605,23583,7520,34.7,25.4,48.6,28.1,14.1,34.5,31.1,7.5,14.4,15.1,52.6,79.3,40,0.39777065200794,"Remain",59.5,16.8,117.5,20.9,26.1
"785",785,"WM",3296,1384,6059,2873,43.2,90.7,59.2,21.2,8.5,31,7.1,4.5,5.8,41,60.8,52.3,21.5,0.419902912621359,"Remain",48.6,34.1,11.2,35.8,16.7
"790",790,"WM",7788,3062,34098,12095,37.5,27.1,29.8,12.2,46.1,20.6,23.3,9.6,17.7,17.7,33.2,79.7,43.3,0.393168977914741,"Remain",50.2,20.5,89.9,18.2,29.2
"797",797,"SE",9048,1837,18385,8645,35.9,86.3,35.3,11.1,10.2,51.8,24.3,3.7,5.2,49.7,132.1,57.8,23,0.203028293545535,"Remain",66.5,21.9,11.7,43.7,7.9
"798",798,"NW",4072,1771,12399,3682,42.1,24.1,64.1,34.1,19.9,12.8,8.1,7.1,13.1,15.1,69.5,77.5,43.3,0.43492141453831,"Remain",41.6,25.5,125.3,15.2,36.7
"802",802,"Y",7531,2986,12056,5565,50.1,97.1,75.6,31.3,8.3,14.3,2.7,4.2,5.8,47.6,1.2,51,20.5,0.396494489443633,"Remain",30.2,48.8,2.8,45,15.9
"803",803,"L",5222,2089,13249,4884,41.7,48.1,39.6,9.8,33.6,23.8,8.1,7.3,10.7,25.9,42.1,70.6,35.5,0.400038299502106,"Remain",45.2,27.7,57.5,24.7,23.7
